year,norm_vote_count
2016,0.04977469603318479
2018,0.04357522397280232
2020,0.0541730517973694
